afname zonder batterij;injectie zonder batterij;timestamp
0,0135;0;24/05/2023 0:05
0,0135;0;24/05/2023 0:10
0,0135;0;24/05/2023 0:15
0,013;0;24/05/2023 0:20
0,013;0;24/05/2023 0:25
0,013;0;24/05/2023 0:30
0,009083333;0;24/05/2023 0:35
0,009083333;0;24/05/2023 0:40
0,009083333;0;24/05/2023 0:45
0,009166667;0;24/05/2023 0:50
0,009166667;0;24/05/2023 0:55
0,009166667;0;24/05/2023 1:00
0,01;0;24/05/2023 1:05
0,011;0;24/05/2023 1:11
0,01;0;24/05/2023 1:16
0,016166667;0;24/05/2023 1:21
0,016166667;0;24/05/2023 1:26
0,016166667;0;24/05/2023 1:31
0,015416667;0;24/05/2023 1:36
0,015416667;0;24/05/2023 1:41
0,015416667;0;24/05/2023 1:46
0,00925;0;24/05/2023 1:51
0,00925;0;24/05/2023 1:56
0,00925;0;24/05/2023 2:01
0,0095;0;24/05/2023 2:06
0,0095;0;24/05/2023 2:11
0,0095;0;24/05/2023 2:16
0,007333333;0;24/05/2023 2:22
0,007333333;0;24/05/2023 2:27
0,007333333;0;24/05/2023 2:32
0,015;0;24/05/2023 2:37
0,015;0;24/05/2023 2:42
0,015;0;24/05/2023 2:47
0,014666667;0;24/05/2023 2:52
0,014666667;0;24/05/2023 2:57
0,014666667;0;24/05/2023 3:02
0,009416667;0;24/05/2023 3:07
0,009416667;0;24/05/2023 3:12
0,009416667;0;24/05/2023 3:17
0,009416667;0;24/05/2023 3:22
0,009416667;0;24/05/2023 3:28
0,009416667;0;24/05/2023 3:33
0,01025;0;24/05/2023 3:38
0,00925;0;24/05/2023 3:43
0,00925;0;24/05/2023 3:48
0,014666667;0;24/05/2023 3:53
0,014666667;0;24/05/2023 3:58
0,014666667;0;24/05/2023 4:03
0,014833333;0;24/05/2023 4:08
0,014833333;0;24/05/2023 4:13
0,014833333;0;24/05/2023 4:18
0,008916667;0;24/05/2023 4:23
0,008916667;0;24/05/2023 4:28
0,008916667;0;24/05/2023 4:33
0,008916667;0;24/05/2023 4:38
0,008916667;0;24/05/2023 4:43
0,008916667;0;24/05/2023 4:48
0,01;0;24/05/2023 4:54
0,009;0;24/05/2023 4:59
0,009;0;24/05/2023 5:04
0,0155;0;24/05/2023 5:09
0,0155;0;24/05/2023 5:14
0,0155;0;24/05/2023 5:19
0,016083333;0;24/05/2023 5:24
0,016083333;0;24/05/2023 5:29
0,016083333;0;24/05/2023 5:34
0,013416667;0;24/05/2023 5:39
0,013416667;0;24/05/2023 5:44
0,013416667;0;24/05/2023 5:49
0,009666667;0;24/05/2023 5:54
0,008666667;0;24/05/2023 5:59
0,008666667;0;24/05/2023 6:04
0,01825;0;24/05/2023 6:09
0,01725;0;24/05/2023 6:14
0,01725;0;24/05/2023 6:20
0,030083333;0,001;24/05/2023 6:25
0,021083333;0,002;24/05/2023 6:30
0,017083333;0;24/05/2023 6:35
0,017416667;0;24/05/2023 6:40
0,021416667;0,003;24/05/2023 6:45
0,017416667;0;24/05/2023 6:50
0,0195;0;24/05/2023 6:55
0,0195;0;24/05/2023 7:00
0,0205;0;24/05/2023 7:05
0,008666667;0;24/05/2023 7:10
0,008666667;0;24/05/2023 7:15
0,033666667;0;24/05/2023 7:20
0,128;0;24/05/2023 7:26
0,132;0;24/05/2023 7:31
0,077;0,005;24/05/2023 7:36
0,036333333;0,004;24/05/2023 7:41
0,021333333;0,001;24/05/2023 7:46
0,018333333;0,002;24/05/2023 7:51
0,085333333;0;24/05/2023 7:56
0,085333333;0;24/05/2023 8:01
0,085333333;0;24/05/2023 8:06
0,019833333;0;24/05/2023 8:11
0,018833333;0;24/05/2023 8:16
0,017833333;0;24/05/2023 8:21
0,02175;0;24/05/2023 8:26
0,02275;0;24/05/2023 8:31
0,02475;0,001;24/05/2023 8:36
0;0,002;24/05/2023 8:41
0;0;24/05/2023 8:46
0;0;24/05/2023 8:52
0;0,001166667;24/05/2023 8:57
0;0,012166667;24/05/2023 9:02
0;0,015166667;24/05/2023 9:07
0;0,102083333;24/05/2023 9:12
0;0,079083333;24/05/2023 9:17
0;0,076083333;24/05/2023 9:22
0;0,083333333;24/05/2023 9:27
0;0,083333333;24/05/2023 9:32
0;0,084333333;24/05/2023 9:37
0;0,090166667;24/05/2023 9:42
0;0,086166667;24/05/2023 9:48
0,001;0,084166667;24/05/2023 9:53
0,001;0,046916667;24/05/2023 9:58
0;0,044916667;24/05/2023 10:03
0;0,043916667;24/05/2023 10:08
0;0,062333333;24/05/2023 10:13
0;0,121333333;24/05/2023 10:18
0;0,121333333;24/05/2023 10:23
0;0,113333333;24/05/2023 10:28
0;0,126333333;24/05/2023 10:33
0;0,157333333;24/05/2023 10:38
0;0,15025;24/05/2023 10:43
0;0,11325;24/05/2023 10:48
0;0,12625;24/05/2023 10:53
0;0,178416667;24/05/2023 10:59
0;0,189416667;24/05/2023 11:04
0;0,207416667;24/05/2023 11:09
0;0,205166667;24/05/2023 11:14
0;0,194166667;24/05/2023 11:19
0;0,182166667;24/05/2023 11:24
0;0,153166667;24/05/2023 11:29
0;0,232166667;24/05/2023 11:34
0;0,218166667;24/05/2023 11:39
0;0,150333333;24/05/2023 11:44
0;0,119333333;24/05/2023 11:49
0;0,106333333;24/05/2023 11:54
0;0,12525;24/05/2023 11:59
0;0,11025;24/05/2023 12:04
0;0,10125;24/05/2023 12:09
0;0,10825;24/05/2023 12:14
0;0,13325;24/05/2023 12:19
0;0,23125;24/05/2023 12:25
0;0,308166667;24/05/2023 12:30
0;0,181166667;24/05/2023 12:35
0;0,295166667;24/05/2023 12:40
0;0,34325;24/05/2023 12:45
0;0,23325;24/05/2023 12:50
0;0,15025;24/05/2023 12:55
0;0,08025;24/05/2023 13:00
0;0,17525;24/05/2023 13:05
0;0,12125;24/05/2023 13:10
0;0,266;24/05/2023 13:15
0;0,271;24/05/2023 13:20
0;0,087;24/05/2023 13:25
0;0,103;24/05/2023 13:30
0;0,093;24/05/2023 13:35
0;0,061;24/05/2023 13:41
0;0,054;24/05/2023 13:46
0;0,092;24/05/2023 13:51
0;0,155;24/05/2023 13:56
0;0,16;24/05/2023 14:01
0;0,166;24/05/2023 14:06
0;0,113;24/05/2023 14:11
0;0,076;24/05/2023 14:16
0;0,074;24/05/2023 14:21
0;0,062;24/05/2023 14:26
0;0,058;24/05/2023 14:31
0;0,052;24/05/2023 14:36
0;0,043;24/05/2023 14:41
0;0,028;24/05/2023 14:46
0;0,026;24/05/2023 14:52
0;0,023;24/05/2023 14:57
0;0,027;24/05/2023 15:02
0;0,03;24/05/2023 15:07
0;0,04;24/05/2023 15:12
0;0,047;24/05/2023 15:17
0;0,021;24/05/2023 15:22
0;0,017;24/05/2023 15:27
0;0,028;24/05/2023 15:32
0,041;0,018;24/05/2023 15:37
0,082;0;24/05/2023 15:42
0,034;0,003;24/05/2023 15:47
0,012;0,014333333;24/05/2023 15:52
0,079;0,014333333;24/05/2023 15:57
0,048;0,019333333;24/05/2023 16:02
0,064833333;0,008;24/05/2023 16:08
0,077833333;0;24/05/2023 16:13
0,093833333;0,002;24/05/2023 16:18
0,110166667;0,011;24/05/2023 16:23
0,087166667;0,006;24/05/2023 16:28
0,083166667;0,009;24/05/2023 16:33
0;0,028583333;24/05/2023 16:38
0;0,024583333;24/05/2023 16:43
0;0,029583333;24/05/2023 16:48
0;0,004833333;24/05/2023 16:53
0;0,003833333;24/05/2023 16:58
0;0,004833333;24/05/2023 17:03
0;0,009833333;24/05/2023 17:08
0,004;0,012833333;24/05/2023 17:13
0;0,009833333;24/05/2023 17:18
0,084;0,005583333;24/05/2023 17:23
0,098;0,004583333;24/05/2023 17:28
0,06;0,003583333;24/05/2023 17:34
0,117333333;0,003;24/05/2023 17:39
0,129333333;0,007;24/05/2023 17:44
0,137333333;0,002;24/05/2023 17:49
0,0325;0,005;24/05/2023 17:54
0,0375;0,008;24/05/2023 17:59
0,0325;0,007;24/05/2023 18:04
0,012;0,030333333;24/05/2023 18:09
0;0,027333333;24/05/2023 18:14
0;0,027333333;24/05/2023 18:19
0,003;0,015166667;24/05/2023 18:24
0,007;0,020166667;24/05/2023 18:29
0;0,015166667;24/05/2023 18:34
0;0,019666667;24/05/2023 18:39
0;0,019666667;24/05/2023 18:44
0;0,021666667;24/05/2023 18:49
0;0,006;24/05/2023 18:55
0,007;0,01;24/05/2023 19:00
0,001;0,005;24/05/2023 19:05
0,009;0,014666667;24/05/2023 19:10
0;0,008666667;24/05/2023 19:15
0;0,008666667;24/05/2023 19:20
0,012166667;0,004;24/05/2023 19:25
0,007166667;0;24/05/2023 19:30
0,012166667;0,003;24/05/2023 19:35
0;0,003;24/05/2023 19:40
0,001;0,003;24/05/2023 19:45
0,005;0,005;24/05/2023 19:50
0,017083333;0,003;24/05/2023 19:55
0,006083333;0,002;24/05/2023 20:00
0,009083333;0,002;24/05/2023 20:05
0,015083333;0;24/05/2023 20:11
0,016083333;0;24/05/2023 20:16
0,015083333;0;24/05/2023 20:21
0,018916667;0;24/05/2023 20:26
0,017916667;0;24/05/2023 20:31
0,017916667;0;24/05/2023 20:36
0,020833333;0;24/05/2023 20:41
0,020833333;0;24/05/2023 20:46
0,020833333;0;24/05/2023 20:51
0,015;0;24/05/2023 20:56
0,016;0;24/05/2023 21:01
0,015;0;24/05/2023 21:06
0,017166667;0;24/05/2023 21:11
0,017166667;0;24/05/2023 21:16
0,018166667;0;24/05/2023 21:21
0,01775;0;24/05/2023 21:26
0,02275;0,001;24/05/2023 21:31
0,01775;0;24/05/2023 21:36
0,025166667;0;24/05/2023 21:42
0,026166667;0;24/05/2023 21:47
0,029166667;0,001;24/05/2023 21:52
0,02975;0;24/05/2023 21:57
0,02975;0;24/05/2023 22:02
0,03075;0;24/05/2023 22:07
0,0175;0;24/05/2023 22:12
0,0175;0;24/05/2023 22:17
0,0175;0;24/05/2023 22:22
0,025416667;0;24/05/2023 22:28
0,024416667;0;24/05/2023 22:33
0,024416667;0;24/05/2023 22:38
0,023333333;0;24/05/2023 22:43
0,023333333;0;24/05/2023 22:48
0,024333333;0;24/05/2023 22:53
0,0185;0;24/05/2023 22:58
0,0185;0;24/05/2023 23:03
0,0185;0;24/05/2023 23:08
0,018833333;0;24/05/2023 23:13
0,019833333;0;24/05/2023 23:18
0,018833333;0;24/05/2023 23:23
0,017916667;0;24/05/2023 23:28
0,017916667;0;24/05/2023 23:33
0,018916667;0;24/05/2023 23:38
0,024333333;0;24/05/2023 23:43
0,024333333;0;24/05/2023 23:48
0,024333333;0;24/05/2023 23:53
0,023;0;24/05/2023 23:58
0,023;0;25/05/2023 0:04
0,023;0;25/05/2023 0:09
0,017583333;0;25/05/2023 0:14
0,016583333;0;25/05/2023 0:19
0,016583333;0;25/05/2023 0:24
0,018166667;0;25/05/2023 0:29
0,018166667;0;25/05/2023 0:34
0,018166667;0;25/05/2023 0:39
0,018083333;0;25/05/2023 0:44
0,018083333;0;25/05/2023 0:49
0,018083333;0;25/05/2023 0:54
0,015833333;0;25/05/2023 0:59
0,015833333;0;25/05/2023 1:04
0,015833333;0;25/05/2023 1:09
0,001;0;25/05/2023 1:15
0;0;25/05/2023 1:20
0;0;25/05/2023 1:25
0,009916667;0;25/05/2023 1:30
0,009916667;0;25/05/2023 1:35
0,009916667;0;25/05/2023 1:40
0,008916667;0;25/05/2023 1:45
0,008916667;0;25/05/2023 1:50
0,008916667;0;25/05/2023 1:55
0,015166667;0;25/05/2023 2:00
0,015166667;0;25/05/2023 2:06
0,015166667;0;25/05/2023 2:11
0,015;0;25/05/2023 2:16
0,015;0;25/05/2023 2:21
0,015;0;25/05/2023 2:26
0,009166667;0;25/05/2023 2:31
0,009166667;0;25/05/2023 2:36
0,009166667;0;25/05/2023 2:41
0,009;0;25/05/2023 2:46
0,009;0;25/05/2023 2:51
0,009;0;25/05/2023 2:56
0,009916667;0;25/05/2023 3:01
0,010916667;0;25/05/2023 3:06
0,009916667;0;25/05/2023 3:11
0,01575;0;25/05/2023 3:17
0,01575;0;25/05/2023 3:22
0,01575;0;25/05/2023 3:27
0,015416667;0;25/05/2023 3:32
0,015416667;0;25/05/2023 3:37
0,015416667;0;25/05/2023 3:42
0,009333333;0;25/05/2023 3:47
0,009333333;0;25/05/2023 3:52
0,009333333;0;25/05/2023 3:57
0,009333333;0;25/05/2023 4:02
0,009333333;0;25/05/2023 4:07
0,009333333;0;25/05/2023 4:12
0,008666667;0;25/05/2023 4:17
0,008666667;0;25/05/2023 4:22
0,009666667;0;25/05/2023 4:28
0,014583333;0;25/05/2023 4:33
0,014583333;0;25/05/2023 4:38
0,014583333;0;25/05/2023 4:43
0,014666667;0;25/05/2023 4:48
0,014666667;0;25/05/2023 4:53
0,014666667;0;25/05/2023 4:58
0,009333333;0;25/05/2023 5:03
0,009333333;0;25/05/2023 5:08
0,009333333;0;25/05/2023 5:13
0,009666667;0;25/05/2023 5:18
0,009666667;0;25/05/2023 5:23
0,009666667;0;25/05/2023 5:28
0,01425;0;25/05/2023 5:33
0,01325;0;25/05/2023 5:38
0,01325;0;25/05/2023 5:44
0,013916667;0;25/05/2023 5:49
0,013916667;0;25/05/2023 5:54
0,013916667;0;25/05/2023 5:59
0,01675;0;25/05/2023 6:04
0,01575;0;25/05/2023 6:09
0,01575;0;25/05/2023 6:14
0,013;0;25/05/2023 6:19
0,013;0;25/05/2023 6:24
0,013;0;25/05/2023 6:29
0,022583333;0,001;25/05/2023 6:34
0,014583333;0,003;25/05/2023 6:39
0,009583333;0;25/05/2023 6:44
0,019666667;0,005;25/05/2023 6:49
0,007666667;0,002;25/05/2023 6:54
0,004666667;0;25/05/2023 6:59
0,022916667;0;25/05/2023 7:05
0,068916667;0;25/05/2023 7:10
0,029916667;0,001;25/05/2023 7:15
0,018666667;0;25/05/2023 7:20
0,018666667;0;25/05/2023 7:25
0,018666667;0;25/05/2023 7:31
0,014416667;0;25/05/2023 7:36
0,014416667;0;25/05/2023 7:41
0,014416667;0;25/05/2023 7:46
0,004583333;0;25/05/2023 7:51
0,004583333;0;25/05/2023 7:56
0,011583333;0,001;25/05/2023 8:01
0;0,003;25/05/2023 8:06
0;0;25/05/2023 8:11
0;0;25/05/2023 8:16
0;0,001;25/05/2023 8:21
0;0,001;25/05/2023 8:26
0;0,008;25/05/2023 8:31
0;0,009416667;25/05/2023 8:36
0;0,009416667;25/05/2023 8:41
0;0,003416667;25/05/2023 8:46
0;0,082083333;25/05/2023 8:51
0;0,080083333;25/05/2023 8:56
0;0,086083333;25/05/2023 9:02
0;0,096333333;25/05/2023 9:07
0;0,098333333;25/05/2023 9:12
0;0,098333333;25/05/2023 9:17
0;0,102333333;25/05/2023 9:22
0;0,105333333;25/05/2023 9:27
0;0,108333333;25/05/2023 9:32
0;0,118166667;25/05/2023 9:37
0;0,129166667;25/05/2023 9:42
0;0,133166667;25/05/2023 9:47
0;0,137333333;25/05/2023 9:52
0;0,140333333;25/05/2023 9:57
0;0,143333333;25/05/2023 10:02
0;0,15125;25/05/2023 10:07
0;0,15325;25/05/2023 10:12
0;0,16325;25/05/2023 10:17
0;0,114083333;25/05/2023 10:22
0;0,151083333;25/05/2023 10:28
0;0,156083333;25/05/2023 10:33
0;0,118166667;25/05/2023 10:38
0;0,133166667;25/05/2023 10:43
0;0,168166667;25/05/2023 10:48
0,002;0,18625;25/05/2023 10:53
0,043;0,08525;25/05/2023 10:58
0,154;0,08525;25/05/2023 11:03
0,147333333;0,01;25/05/2023 11:08
0,116333333;0,073;25/05/2023 11:13
0,093333333;0,026;25/05/2023 11:18
0,037;0,06775;25/05/2023 11:23
0,033;0,06575;25/05/2023 11:28
0,04;0,06175;25/05/2023 11:33
0,037;0,038416667;25/05/2023 11:39
0,016;0,086416667;25/05/2023 11:44
0;0,076416667;25/05/2023 11:49
0;0,098083333;25/05/2023 11:54
0;0,132083333;25/05/2023 11:59
0;0,194083333;25/05/2023 12:04
0;0,19825;25/05/2023 12:09
0;0,12925;25/05/2023 12:14
0,001;0,09325;25/05/2023 12:19
0;0,12975;25/05/2023 12:24
0;0,21175;25/05/2023 12:29
0;0,12675;25/05/2023 12:34
0;0,2305;25/05/2023 12:39
0;0,1285;25/05/2023 12:44
0,023;0,0925;25/05/2023 12:49
0,036;0,07875;25/05/2023 12:54
0,034;0,10275;25/05/2023 12:59
0,011;0,08875;25/05/2023 13:04
0,008;0,111333333;25/05/2023 13:09
0,013;0,122333333;25/05/2023 13:15
0;0,203333333;25/05/2023 13:20
0;0,134166667;25/05/2023 13:25
0;0,139166667;25/05/2023 13:30
0;0,236166667;25/05/2023 13:35
0;0,163;25/05/2023 13:40
0;0,208;25/05/2023 13:45
0;0,156;25/05/2023 13:50
0;0,159;25/05/2023 13:55
0;0,122;25/05/2023 14:00
0;0,214;25/05/2023 14:05
0;0,017;25/05/2023 14:10
0;0,15;25/05/2023 14:15
0;0,143;25/05/2023 14:21
0,018;0,058;25/05/2023 14:26
0,03;0,008;25/05/2023 14:31
0,061;0,011;25/05/2023 14:36
0,067;0,014333333;25/05/2023 14:41
0,02;0,034333333;25/05/2023 14:46
0,016;0,039333333;25/05/2023 14:51
0,036333333;0,029;25/05/2023 14:56
0,026333333;0,063;25/05/2023 15:01
0,054333333;0,008;25/05/2023 15:06
0,03225;0,048;25/05/2023 15:11
0,02325;0,09;25/05/2023 15:16
0,01325;0,134;25/05/2023 15:21
0;0,282333333;25/05/2023 15:26
0;0,156333333;25/05/2023 15:31
0;0,256333333;25/05/2023 15:36
0;0,198;25/05/2023 15:42
0;0,2;25/05/2023 15:47
0;0,178;25/05/2023 15:52
0;0,009;25/05/2023 15:57
0;0,116;25/05/2023 16:02
0,002;0,1;25/05/2023 16:07
0;0,068;25/05/2023 16:12
0;0,05;25/05/2023 16:17
0,006;0,007;25/05/2023 16:22
0,009;0,113;25/05/2023 16:27
0,009;0,13;25/05/2023 16:32
0,009;0,07;25/05/2023 16:37
0,01;0,021;25/05/2023 16:42
0,017;0,037;25/05/2023 16:47
0,141;0;25/05/2023 16:53
0,009;0,007;25/05/2023 16:58
0;0,023;25/05/2023 17:03
0,01;0,011;25/05/2023 17:08
0;0,094416667;25/05/2023 17:13
0,113;0,083416667;25/05/2023 17:18
0,317;0,083416667;25/05/2023 17:23
0,23825;0,003;25/05/2023 17:28
0,19125;0,003;25/05/2023 17:33
0,15425;0,003;25/05/2023 17:38
0,13025;0,005;25/05/2023 17:43
0,12325;0,008;25/05/2023 17:48
0,14425;0;25/05/2023 17:53
0,18525;0,002;25/05/2023 17:58
0,12325;0,005;25/05/2023 18:03
0,08325;0;25/05/2023 18:08
0;0,001;25/05/2023 18:13
0;0,002;25/05/2023 18:18
0,005;0,003;25/05/2023 18:24
0;0,004416667;25/05/2023 18:29
0;0,002416667;25/05/2023 18:34
0,005;0,002416667;25/05/2023 18:39
0,001;0,013;25/05/2023 18:44
0;0,016;25/05/2023 18:49
0,005;0,016;25/05/2023 18:54
0,06075;0;25/05/2023 18:59
0,06175;0;25/05/2023 19:04
0,06075;0;25/05/2023 19:09
0;0,00625;25/05/2023 19:14
0;0,00625;25/05/2023 19:19
0,001;0,00625;25/05/2023 19:24
0,010333333;0;25/05/2023 19:29
0,010333333;0;25/05/2023 19:34
0,011333333;0;25/05/2023 19:40
0,00825;0;25/05/2023 19:45
0,00825;0;25/05/2023 19:50
0,00825;0;25/05/2023 19:55
0,017666667;0;25/05/2023 20:00
0,015666667;0,005;25/05/2023 20:05
0,011666667;0;25/05/2023 20:10
0,049583333;0;25/05/2023 20:15
0,050583333;0;25/05/2023 20:20
0,050583333;0;25/05/2023 20:25
0,012666667;0;25/05/2023 20:30
0,012666667;0;25/05/2023 20:36
0,013666667;0;25/05/2023 20:41
0,019333333;0;25/05/2023 20:46
0,019333333;0;25/05/2023 20:51
0,019333333;0;25/05/2023 20:56
0,021916667;0;25/05/2023 21:01
0,021916667;0;25/05/2023 21:06
0,021916667;0;25/05/2023 21:11
0,014416667;0;25/05/2023 21:16
0,014416667;0;25/05/2023 21:21
0,019416667;0,002;25/05/2023 21:26
0,009666667;0;25/05/2023 21:31
0,009666667;0;25/05/2023 21:36
0,010666667;0;25/05/2023 21:42
0,02125;0;25/05/2023 21:47
0,01925;0;25/05/2023 21:52
0,01825;0;25/05/2023 21:57
0,014583333;0;25/05/2023 22:02
0,014583333;0;25/05/2023 22:07
0,014583333;0;25/05/2023 22:12
0,018583333;0;25/05/2023 22:17
0,017583333;0;25/05/2023 22:23
0,017583333;0;25/05/2023 22:28
0,020666667;0;25/05/2023 22:33
0,020666667;0;25/05/2023 22:38
0,021666667;0;25/05/2023 22:43
0,017666667;0;25/05/2023 22:48
0,017666667;0;25/05/2023 22:53
0,017666667;0;25/05/2023 22:58
0,017333333;0;25/05/2023 23:03
0,017333333;0;25/05/2023 23:08
0,017333333;0;25/05/2023 23:13
0,0175;0;25/05/2023 23:19
0,0165;0;25/05/2023 23:24
0,0165;0;25/05/2023 23:29
0,01975;0;25/05/2023 23:34
0,01875;0;25/05/2023 23:39
0,01875;0;25/05/2023 23:44
0,02275;0;25/05/2023 23:49
0,02275;0;25/05/2023 23:54
0,02275;0;25/05/2023 23:59
0,022083333;0;26/05/2023 0:04
0,022083333;0;26/05/2023 0:09
0,022083333;0;26/05/2023 0:15
0,0175;0;26/05/2023 0:20
0,0175;0;26/05/2023 0:25
0,0175;0;26/05/2023 0:30
0,01725;0;26/05/2023 0:35
0,01725;0;26/05/2023 0:40
0,01825;0;26/05/2023 0:45
0,01725;0;26/05/2023 0:50
0,01725;0;26/05/2023 0:55
0,01725;0;26/05/2023 1:00
0,023833333;0;26/05/2023 1:05
0,023833333;0;26/05/2023 1:10
0,023833333;0;26/05/2023 1:15
0,017083333;0;26/05/2023 1:21
0,017083333;0;26/05/2023 1:26
0,017083333;0;26/05/2023 1:31
0,017;0;26/05/2023 1:36
0,017;0;26/05/2023 1:41
0,017;0;26/05/2023 1:46
0,009833333;0;26/05/2023 1:51
0,009833333;0;26/05/2023 1:56
0,009833333;0;26/05/2023 2:01
0,0105;0;26/05/2023 2:06
0,0095;0;26/05/2023 2:11
0,0095;0;26/05/2023 2:16
0,00725;0;26/05/2023 2:21
0,00725;0;26/05/2023 2:26
0,00725;0;26/05/2023 2:32
0,014916667;0;26/05/2023 2:37
0,014916667;0;26/05/2023 2:42
0,014916667;0;26/05/2023 2:47
0,014916667;0;26/05/2023 2:52
0,014916667;0;26/05/2023 2:57
0,014916667;0;26/05/2023 3:02
0,008833333;0;26/05/2023 3:07
0,008833333;0;26/05/2023 3:12
0,008833333;0;26/05/2023 3:17
0,009666667;0;26/05/2023 3:22
0,009666667;0;26/05/2023 3:27
0,010666667;0;26/05/2023 3:33
0,00975;0;26/05/2023 3:38
0,00975;0;26/05/2023 3:43
0,00975;0;26/05/2023 3:48
0,0125;0;26/05/2023 3:53
0,0125;0;26/05/2023 3:58
0,0125;0;26/05/2023 4:03
0,015;0;26/05/2023 4:08
0,015;0;26/05/2023 4:13
0,015;0;26/05/2023 4:18
0,015;0;26/05/2023 4:23
0,015;0;26/05/2023 4:28
0,015;0;26/05/2023 4:33
0,009166667;0;26/05/2023 4:39
0,009166667;0;26/05/2023 4:44
0,009166667;0;26/05/2023 4:49
0,009083333;0;26/05/2023 4:54
0,009083333;0;26/05/2023 4:59
0,009083333;0;26/05/2023 5:04
0,009;0;26/05/2023 5:09
0,009;0;26/05/2023 5:14
0,009;0;26/05/2023 5:19
0,014416667;0;26/05/2023 5:24
0,015416667;0;26/05/2023 5:29
0,014416667;0;26/05/2023 5:34
0,01575;0;26/05/2023 5:39
0,01575;0;26/05/2023 5:44
0,01575;0;26/05/2023 5:49
0,01375;0;26/05/2023 5:54
0,01475;0;26/05/2023 5:59
0,01375;0;26/05/2023 6:04
0,009;0;26/05/2023 6:10
0,009;0;26/05/2023 6:15
0,01;0;26/05/2023 6:20
0,015416667;0;26/05/2023 6:25
0,015416667;0;26/05/2023 6:30
0,015416667;0;26/05/2023 6:35
0,009916667;0;26/05/2023 6:40
0,010916667;0;26/05/2023 6:45
0,009916667;0;26/05/2023 6:50
0,014666667;0;26/05/2023 6:55
0,025666667;0,003;26/05/2023 7:00
0,020666667;0,003;26/05/2023 7:05
0,011833333;0;26/05/2023 7:10
0,012833333;0;26/05/2023 7:15
0,011833333;0;26/05/2023 7:20
0,0075;0;26/05/2023 7:25
0,0065;0;26/05/2023 7:31
0,0055;0;26/05/2023 7:36
0,008666667;0;26/05/2023 7:41
0,008666667;0;26/05/2023 7:46
0,008666667;0;26/05/2023 7:51
0,060666667;0;26/05/2023 7:56
0,132666667;0;26/05/2023 8:01
0,113666667;0,003;26/05/2023 8:06
0,06975;0,009;26/05/2023 8:11
0,03475;0,003;26/05/2023 8:16
0,00975;0,001;26/05/2023 8:21
0,08325;0,001;26/05/2023 8:26
0,08425;0,002;26/05/2023 8:31
0,08425;0;26/05/2023 8:37
0,002;0,002;26/05/2023 8:42
0;0,001;26/05/2023 8:47
0;0,011;26/05/2023 8:52
0,001;0,028;26/05/2023 8:57
0;0,038;26/05/2023 9:02
0;0,04;26/05/2023 9:07
0;0,100666667;26/05/2023 9:12
0;0,116666667;26/05/2023 9:17
0;0,120666667;26/05/2023 9:22
0;0,089333333;26/05/2023 9:27
0;0,112333333;26/05/2023 9:32
0;0,128333333;26/05/2023 9:38
0;0,125916667;26/05/2023 9:43
0;0,122916667;26/05/2023 9:48
0;0,128916667;26/05/2023 9:53
0;0,132166667;26/05/2023 9:58
0;0,147166667;26/05/2023 10:03
0;0,150166667;26/05/2023 10:08
0;0,154;26/05/2023 10:13
0;0,151;26/05/2023 10:18
0;0,154;26/05/2023 10:23
0;0,148416667;26/05/2023 10:28
0;0,154416667;26/05/2023 10:33
0;0,157416667;26/05/2023 10:38
0;0,172333333;26/05/2023 10:43
0;0,180333333;26/05/2023 10:48
0;0,186333333;26/05/2023 10:53
0;0,191333333;26/05/2023 10:59
0;0,191333333;26/05/2023 11:04
0;0,193333333;26/05/2023 11:09
0;0,198166667;26/05/2023 11:14
0;0,195166667;26/05/2023 11:19
0;0,198166667;26/05/2023 11:24
0;0,205166667;26/05/2023 11:29
0;0,205166667;26/05/2023 11:34
0;0,200166667;26/05/2023 11:39
0;0,20625;26/05/2023 11:44
0;0,20625;26/05/2023 11:49
0;0,21225;26/05/2023 11:55
0;0,245333333;26/05/2023 12:00
0;0,286333333;26/05/2023 12:05
0;0,290333333;26/05/2023 12:10
0;0,21125;26/05/2023 12:15
0;0,23125;26/05/2023 12:20
0;0,22925;26/05/2023 12:25
0;0,223;26/05/2023 12:30
0;0,228;26/05/2023 12:35
0;0,23;26/05/2023 12:40
0;0,227;26/05/2023 12:45
0;0,225;26/05/2023 12:50
0;0,224;26/05/2023 12:55
0;0,225;26/05/2023 13:00
0;0,224;26/05/2023 13:06
0;0,222;26/05/2023 13:11
0;0,226;26/05/2023 13:16
0;0,229;26/05/2023 13:21
0;0,228;26/05/2023 13:26
0;0,229;26/05/2023 13:31
0;0,23;26/05/2023 13:36
0;0,23;26/05/2023 13:41
0;0,225;26/05/2023 13:46
0;0,232;26/05/2023 13:51
0;0,229;26/05/2023 13:56
0;0,233;26/05/2023 14:01
0;0,227;26/05/2023 14:07
0;0,23;26/05/2023 14:12
0;0,216;26/05/2023 14:17
0;0,22;26/05/2023 14:22
0;0,219;26/05/2023 14:27
0;0,218;26/05/2023 14:32
0;0,213;26/05/2023 14:37
0;0,204;26/05/2023 14:42
0;0,21;26/05/2023 14:47
0;0,216;26/05/2023 14:52
0,001;0,082;26/05/2023 14:57
0;0,117;26/05/2023 15:02
0;0,21;26/05/2023 15:07
0;0,213;26/05/2023 15:12
0;0,208;26/05/2023 15:17
0;0,205;26/05/2023 15:23
0;0,205;26/05/2023 15:28
0;0,198;26/05/2023 15:33
0;0,195;26/05/2023 15:38
0;0,188;26/05/2023 15:43
0;0,189;26/05/2023 15:48
0;0,186;26/05/2023 15:53
0;0,185;26/05/2023 15:58
0;0,18;26/05/2023 16:03
0;0,171;26/05/2023 16:08
0;0,172;26/05/2023 16:13
0;0,165;26/05/2023 16:18
0;0,161;26/05/2023 16:23
0;0,167;26/05/2023 16:28
0;0,165;26/05/2023 16:34
0;0,113;26/05/2023 16:39
0;0,075;26/05/2023 16:44
0;0,07;26/05/2023 16:49
0;0,071;26/05/2023 16:54
0;0,067;26/05/2023 16:59
0;0,072;26/05/2023 17:04
0,042;0,082833333;26/05/2023 17:09
0,048;0,067833333;26/05/2023 17:14
0,04;0,081833333;26/05/2023 17:19
0,002;0,0015;26/05/2023 17:24
0,021;0,0035;26/05/2023 17:29
0,002;0,0005;26/05/2023 17:34
0,05875;0;26/05/2023 17:39
0,05375;0;26/05/2023 17:45
0,04575;0;26/05/2023 17:50
0,023083333;0,002;26/05/2023 17:55
0,027083333;0,001;26/05/2023 18:00
0,024083333;0,001;26/05/2023 18:05
0,00675;0,006;26/05/2023 18:10
0,00675;0,002;26/05/2023 18:15
0,07075;0;26/05/2023 18:20
0,116333333;0;26/05/2023 18:25
0,065333333;0;26/05/2023 18:30
0,048333333;0,004;26/05/2023 18:35
0,15925;0;26/05/2023 18:40
0,18425;0;26/05/2023 18:45
0,13925;0,004;26/05/2023 18:51
0,113166667;0;26/05/2023 18:56
0,182166667;0;26/05/2023 19:01
0,156166667;0,004;26/05/2023 19:06
0,138166667;0,002;26/05/2023 19:11
0,179166667;0;26/05/2023 19:16
0,158166667;0,002;26/05/2023 19:21
0,018666667;0,004;26/05/2023 19:26
0,003666667;0;26/05/2023 19:31
0,003666667;0;26/05/2023 19:36
0,001;0;26/05/2023 19:41
0;0;26/05/2023 19:46
0,005;0,003;26/05/2023 19:51
0,012416667;0;26/05/2023 19:56
0,011416667;0;26/05/2023 20:01
0,011416667;0;26/05/2023 20:06
0,0175;0,003;26/05/2023 20:11
0,0105;0,003;26/05/2023 20:16
0,0155;0,003;26/05/2023 20:22
0,100166667;0,003;26/05/2023 20:27
0,093166667;0,002;26/05/2023 20:32
0,084166667;0;26/05/2023 20:37
0,01925;0;26/05/2023 20:42
0,02525;0,005;26/05/2023 20:47
0,02025;0;26/05/2023 20:52
0,017166667;0;26/05/2023 20:57
0,017166667;0;26/05/2023 21:02
0,018166667;0;26/05/2023 21:07
0,0155;0;26/05/2023 21:12
0,0155;0;26/05/2023 21:17
0,0165;0;26/05/2023 21:22
0,017;0;26/05/2023 21:27
0,017;0;26/05/2023 21:32
0,018;0;26/05/2023 21:37
0,025416667;0;26/05/2023 21:42
0,025416667;0;26/05/2023 21:48
0,025416667;0;26/05/2023 21:53
0,031166667;0,001;26/05/2023 21:58
0,025166667;0;26/05/2023 22:03
0,025166667;0;26/05/2023 22:08
0,020583333;0;26/05/2023 22:13
0,019583333;0;26/05/2023 22:18
0,019583333;0;26/05/2023 22:23
0,0165;0;26/05/2023 22:28
0,0175;0;26/05/2023 22:33
0,0165;0;26/05/2023 22:38
0,017166667;0;26/05/2023 22:43
0,018166667;0;26/05/2023 22:48
0,017166667;0;26/05/2023 22:53
0,02275;0;26/05/2023 22:59
0,02375;0;26/05/2023 23:04
0,02275;0;26/05/2023 23:09
0,0215;0;26/05/2023 23:14
0,0215;0;26/05/2023 23:19
0,0215;0;26/05/2023 23:24
0,016083333;0;26/05/2023 23:29
0,016083333;0;26/05/2023 23:34
0,016083333;0;26/05/2023 23:39
0,017;0;26/05/2023 23:44
0,017;0;26/05/2023 23:49
0,017;0;26/05/2023 23:54
0,022166667;0;26/05/2023 23:59
0,023166667;0;27/05/2023 0:04
0,022166667;0;27/05/2023 0:09
0,016333333;0;27/05/2023 0:15
0,016333333;0;27/05/2023 0:20
0,016333333;0;27/05/2023 0:25
0,009583333;0;27/05/2023 0:30
0,009583333;0;27/05/2023 0:35
0,009583333;0;27/05/2023 0:40
0,008916667;0;27/05/2023 0:45
0,008916667;0;27/05/2023 0:50
0,008916667;0;27/05/2023 0:55
0,009;0;27/05/2023 1:00
0,009;0;27/05/2023 1:05
0,009;0;27/05/2023 1:10
0,016583333;0;27/05/2023 1:15
0,015583333;0;27/05/2023 1:20
0,015583333;0;27/05/2023 1:26
0,015166667;0;27/05/2023 1:31
0,015166667;0;27/05/2023 1:36
0,015166667;0;27/05/2023 1:41
0,00925;0;27/05/2023 1:46
0,00925;0;27/05/2023 1:51
0,00925;0;27/05/2023 1:56
0,010166667;0;27/05/2023 2:01
0,010166667;0;27/05/2023 2:06
0,010166667;0;27/05/2023 2:11
0,01025;0;27/05/2023 2:16
0,01025;0;27/05/2023 2:22
0,01125;0,003;27/05/2023 2:27
0,016;0;27/05/2023 2:32
0,016;0;27/05/2023 2:37
0,016;0;27/05/2023 2:42
0,015166667;0;27/05/2023 2:47
0,015166667;0;27/05/2023 2:52
0,015166667;0;27/05/2023 2:57
0,008416667;0;27/05/2023 3:02
0,008416667;0;27/05/2023 3:07
0,008416667;0;27/05/2023 3:12
0,007333333;0;27/05/2023 3:17
0,007333333;0;27/05/2023 3:23
0,007333333;0;27/05/2023 3:28
0,008916667;0;27/05/2023 3:33
0,008916667;0;27/05/2023 3:38
0,009916667;0;27/05/2023 3:43
0,01475;0;27/05/2023 3:48
0,01475;0;27/05/2023 3:53
0,01475;0;27/05/2023 3:58
0,01475;0;27/05/2023 4:04
0,01475;0;27/05/2023 4:09
0,01475;0;27/05/2023 4:14
0,009583333;0;27/05/2023 4:19
0,009583333;0;27/05/2023 4:24
0,009583333;0;27/05/2023 4:29
0,01;0;27/05/2023 4:34
0,01;0;27/05/2023 4:39
0,01;0;27/05/2023 4:44
0,0095;0;27/05/2023 4:49
0,0105;0;27/05/2023 4:54
0,0095;0;27/05/2023 5:00
0,015;0;27/05/2023 5:05
0,015;0;27/05/2023 5:10
0,015;0;27/05/2023 5:15
0,016083333;0;27/05/2023 5:20
0,015083333;0;27/05/2023 5:25
0,015083333;0;27/05/2023 5:30
0,008916667;0;27/05/2023 5:35
0,008916667;0;27/05/2023 5:40
0,008916667;0;27/05/2023 5:45
0,0085;0;27/05/2023 5:50
0,0085;0;27/05/2023 5:55
0,0085;0;27/05/2023 6:00
0,007583333;0;27/05/2023 6:05
0,007583333;0;27/05/2023 6:10
0,007583333;0;27/05/2023 6:15
0,011916667;0;27/05/2023 6:21
0,011916667;0;27/05/2023 6:26
0,011916667;0;27/05/2023 6:31
0,00875;0,001;27/05/2023 6:36
0,00875;0;27/05/2023 6:41
0,00875;0;27/05/2023 6:46
0,003583333;0;27/05/2023 6:51
0,003583333;0,002;27/05/2023 6:56
0,003583333;0,001;27/05/2023 7:01
0;0,004;27/05/2023 7:06
0;0,003;27/05/2023 7:11
0;0,005;27/05/2023 7:16
0;0,007;27/05/2023 7:21
0;0,002;27/05/2023 7:26
0;0,002;27/05/2023 7:32
0,006416667;0;27/05/2023 7:37
0,006416667;0;27/05/2023 7:42
0,006416667;0;27/05/2023 7:47
0;0;27/05/2023 7:52
0;0,002;27/05/2023 7:57
0;0,002;27/05/2023 8:02
0,019;0,011083333;27/05/2023 8:07
0,009;0,005083333;27/05/2023 8:12
0;0,001083333;27/05/2023 8:17
0,009;0,004166667;27/05/2023 8:22
0;0,000166667;27/05/2023 8:27
0;0,000166667;27/05/2023 8:32
0;0,000583333;27/05/2023 8:37
0;0,000583333;27/05/2023 8:42
0;0,001583333;27/05/2023 8:47
0;0,058083333;27/05/2023 8:52
0,001;0,058083333;27/05/2023 8:57
0,003;0,058083333;27/05/2023 9:03
0,032;0,0805;27/05/2023 9:08
0,014;0,0755;27/05/2023 9:13
0,001;0,0855;27/05/2023 9:18
0,083166667;0,004;27/05/2023 9:23
0,105166667;0,003;27/05/2023 9:28
0,097166667;0,009;27/05/2023 9:33
0,083166667;0,014;27/05/2023 9:38
0,106166667;0,014;27/05/2023 9:43
0,113166667;0,019;27/05/2023 9:48
0,001;0,083333333;27/05/2023 9:53
0;0,101333333;27/05/2023 9:58
0;0,139333333;27/05/2023 10:03
0;0,140333333;27/05/2023 10:08
0;0,149333333;27/05/2023 10:13
0;0,151333333;27/05/2023 10:19
0;0,152166667;27/05/2023 10:24
0,003;0,146166667;27/05/2023 10:29
0;0,161166667;27/05/2023 10:34
0;0,162166667;27/05/2023 10:39
0;0,163166667;27/05/2023 10:44
0;0,168166667;27/05/2023 10:49
0;0,17225;27/05/2023 10:54
0;0,17325;27/05/2023 10:59
0;0,17225;27/05/2023 11:04
0;0,176166667;27/05/2023 11:09
0;0,183166667;27/05/2023 11:14
0;0,186166667;27/05/2023 11:19
0;0,188166667;27/05/2023 11:24
0;0,192166667;27/05/2023 11:30
0;0,193166667;27/05/2023 11:35
0;0,19725;27/05/2023 11:40
0;0,19525;27/05/2023 11:45
0;0,19725;27/05/2023 11:50
0;0,20325;27/05/2023 11:55
0;0,19725;27/05/2023 12:00
0;0,19925;27/05/2023 12:05
0;0,200166667;27/05/2023 12:10
0;0,206166667;27/05/2023 12:15
0;0,207166667;27/05/2023 12:20
0;0,209166667;27/05/2023 12:25
0;0,209166667;27/05/2023 12:31
0;0,212166667;27/05/2023 12:36
0;0,21525;27/05/2023 12:41
0;0,21525;27/05/2023 12:46
0;0,21325;27/05/2023 12:51
0;0,20825;27/05/2023 12:56
0;0,22125;27/05/2023 13:01
0;0,20425;27/05/2023 13:06
0;0,21425;27/05/2023 13:11
0;0,22125;27/05/2023 13:16
0;0,24725;27/05/2023 13:21
0;0,2265;27/05/2023 13:26
0;0,2365;27/05/2023 13:31
0;0,2525;27/05/2023 13:36
0;0,212;27/05/2023 13:41
0;0,211;27/05/2023 13:46
0;0,205;27/05/2023 13:52
0;0,221;27/05/2023 13:57
0;0,221;27/05/2023 14:02
0;0,222;27/05/2023 14:07
0;0,209;27/05/2023 14:12
0,002;0,029;27/05/2023 14:17
0;0,149;27/05/2023 14:22
0;0,206;27/05/2023 14:27
0;0,204;27/05/2023 14:32
0;0,199;27/05/2023 14:37
0;0,201;27/05/2023 14:42
0;0,186;27/05/2023 14:47
0;0,185;27/05/2023 14:52
0;0,205;27/05/2023 14:57
0;0,203;27/05/2023 15:02
0;0,197;27/05/2023 15:07
0;0,201;27/05/2023 15:12
0;0,197;27/05/2023 15:17
0;0,194;27/05/2023 15:22
0;0,191;27/05/2023 15:28
0;0,19;27/05/2023 15:33
0;0,185;27/05/2023 15:38
0;0,185;27/05/2023 15:43
0;0,184;27/05/2023 15:48
0;0,183;27/05/2023 15:53
0;0,182;27/05/2023 15:58
0;0,176;27/05/2023 16:03
0;0,167;27/05/2023 16:08
0;0,158;27/05/2023 16:13
0;0,155;27/05/2023 16:18
0;0,16;27/05/2023 16:23
0;0,162;27/05/2023 16:28
0;0,161;27/05/2023 16:33
0;0,124;27/05/2023 16:38
0;0,091;27/05/2023 16:44
0;0,082;27/05/2023 16:49
0,004;0,059;27/05/2023 16:54
0;0,051;27/05/2023 16:59
0;0,071;27/05/2023 17:04
0;0,073;27/05/2023 17:09
0;0,072;27/05/2023 17:14
0;0,042;27/05/2023 17:19
0;0,014;27/05/2023 17:24
0;0,012;27/05/2023 17:29
0;0,011;27/05/2023 17:34
0;0,011;27/05/2023 17:39
0;0,01;27/05/2023 17:45
0;0,01;27/05/2023 17:50
0;0,009;27/05/2023 17:55
0;0,008;27/05/2023 18:00
0;0,003;27/05/2023 18:05
0;0,002;27/05/2023 18:10
0;0,001;27/05/2023 18:15
0;0,001;27/05/2023 18:20
0;0,001;27/05/2023 18:25
0;0;27/05/2023 18:30
0;0,001;27/05/2023 18:35
0;0,004;27/05/2023 18:40
0;0,005;27/05/2023 18:45
0;0,004;27/05/2023 18:50
0;0,004;27/05/2023 18:55
0;0,004;27/05/2023 19:00
0;0,004;27/05/2023 19:05
0;0,001;27/05/2023 19:11
0;0,003;27/05/2023 19:16
0;0;27/05/2023 19:21
0;0;27/05/2023 19:26
0,005333333;0;27/05/2023 19:31
0,005333333;0;27/05/2023 19:36
0,005333333;0;27/05/2023 19:41
0,006166667;0;27/05/2023 19:46
0,006166667;0;27/05/2023 19:51
0,006166667;0;27/05/2023 19:56
0;0,001;27/05/2023 20:01
0;0;27/05/2023 20:06
0;0;27/05/2023 20:11
0,003166667;0;27/05/2023 20:16
0,003166667;0,002;27/05/2023 20:22
0,003166667;0,001;27/05/2023 20:27
0;0;27/05/2023 20:32
0;0;27/05/2023 20:37
0;0;27/05/2023 20:42
0,013583333;0;27/05/2023 20:47
0,013583333;0;27/05/2023 20:52
0,013583333;0;27/05/2023 20:57
0,011583333;0;27/05/2023 21:02
0,013583333;0,001;27/05/2023 21:07
0,016583333;0;27/05/2023 21:13
0,082333333;0,002;27/05/2023 21:18
0,083333333;0;27/05/2023 21:23
0,082333333;0;27/05/2023 21:28
0,02175;0;27/05/2023 21:33
0,02275;0;27/05/2023 21:38
0,02275;0;27/05/2023 21:43
0,029;0;27/05/2023 21:48
0,029;0;27/05/2023 21:53
0,029;0;27/05/2023 21:58
0,024;0;27/05/2023 22:03
0,023;0;27/05/2023 22:08
0,023;0;27/05/2023 22:13
0,022916667;0;27/05/2023 22:18
0,022916667;0;27/05/2023 22:23
0,023916667;0;27/05/2023 22:28
0,017583333;0;27/05/2023 22:33
0,017583333;0;27/05/2023 22:39
0,017583333;0;27/05/2023 22:44
0,018333333;0;27/05/2023 22:49
0,017333333;0;27/05/2023 22:54
0,017333333;0;27/05/2023 22:59
0,016083333;0;27/05/2023 23:04
0,016083333;0;27/05/2023 23:09
0,017083333;0;27/05/2023 23:14
0,0135;0;27/05/2023 23:19
0,0135;0;27/05/2023 23:24
0,0135;0;27/05/2023 23:29
0,009;0;27/05/2023 23:34
0,009;0;27/05/2023 23:39
0,009;0;27/05/2023 23:44
0,009416667;0;27/05/2023 23:50
0,009416667;0;27/05/2023 23:55
0,009416667;0;28/05/2023 0:00
0,009833333;0;28/05/2023 0:05
0,009833333;0;28/05/2023 0:10
0,009833333;0;28/05/2023 0:15
0,016333333;0;28/05/2023 0:20
0,016333333;0;28/05/2023 0:25
0,017333333;0;28/05/2023 0:30
0,018166667;0;28/05/2023 0:35
0,018166667;0;28/05/2023 0:40
0,018166667;0;28/05/2023 0:45
0,009416667;0;28/05/2023 0:50
0,009416667;0;28/05/2023 0:55
0,009416667;0;28/05/2023 1:00
0,0095;0;28/05/2023 1:05
0,0095;0;28/05/2023 1:10
0,0095;0;28/05/2023 1:15
0,009666667;0;28/05/2023 1:20
0,009666667;0;28/05/2023 1:25
0,009666667;0;28/05/2023 1:31
0,01575;0;28/05/2023 1:36
0,01575;0;28/05/2023 1:41
0,01575;0;28/05/2023 1:46
0,016166667;0;28/05/2023 1:51
0,016166667;0;28/05/2023 1:56
0,016166667;0;28/05/2023 2:01
0,010666667;0;28/05/2023 2:06
0,010666667;0;28/05/2023 2:11
0,010666667;0;28/05/2023 2:16
0,0105;0;28/05/2023 2:21
0,0105;0;28/05/2023 2:26
0,0105;0;28/05/2023 2:31
0,0105;0;28/05/2023 2:37
0,0115;0;28/05/2023 2:42
0,0105;0;28/05/2023 2:47
0,016166667;0;28/05/2023 2:52
0,016166667;0;28/05/2023 2:57
0,016166667;0;28/05/2023 3:02
0,013;0;28/05/2023 3:07
0,013;0;28/05/2023 3:12
0,013;0;28/05/2023 3:17
0,00725;0;28/05/2023 3:22
0,00725;0;28/05/2023 3:27
0,00725;0;28/05/2023 3:32
0,009166667;0;28/05/2023 3:37
0,009166667;0;28/05/2023 3:42
0,009166667;0;28/05/2023 3:48
0,009083333;0;28/05/2023 3:53
0,009083333;0;28/05/2023 3:58
0,009083333;0;28/05/2023 4:03
0,0165;0;28/05/2023 4:08
0,0165;0;28/05/2023 4:13
0,0165;0;28/05/2023 4:18
0,016166667;0;28/05/2023 4:23
0,016166667;0;28/05/2023 4:28
0,016166667;0;28/05/2023 4:33
0,01;0;28/05/2023 4:38
0,01;0;28/05/2023 4:43
0,01;0;28/05/2023 4:48
0,0095;0;28/05/2023 4:53
0,0095;0;28/05/2023 4:59
0,0095;0;28/05/2023 5:04
0,009333333;0;28/05/2023 5:09
0,010333333;0;28/05/2023 5:14
0,009333333;0;28/05/2023 5:19
0,015583333;0;28/05/2023 5:24
0,015583333;0;28/05/2023 5:29
0,015583333;0;28/05/2023 5:34
0,012833333;0;28/05/2023 5:39
0,012833333;0;28/05/2023 5:44
0,012833333;0;28/05/2023 5:49
0,008083333;0;28/05/2023 5:54
0,008083333;0;28/05/2023 5:59
0,008083333;0;28/05/2023 6:04
0,007916667;0;28/05/2023 6:09
0,007916667;0;28/05/2023 6:14
0,007916667;0;28/05/2023 6:19
0,00775;0;28/05/2023 6:24
0,00775;0;28/05/2023 6:29
0,00775;0;28/05/2023 6:35
0,010583333;0;28/05/2023 6:40
0,010583333;0;28/05/2023 6:45
0,010583333;0;28/05/2023 6:50
0,008083333;0;28/05/2023 6:55
0,008083333;0;28/05/2023 7:00
0,008083333;0,001;28/05/2023 7:05
0,005166667;0,001;28/05/2023 7:10
0,005166667;0,002;28/05/2023 7:15
0,005166667;0,002;28/05/2023 7:20
0;0,002;28/05/2023 7:25
0;0,002;28/05/2023 7:30
0;0;28/05/2023 7:35
0,006833333;0;28/05/2023 7:40
0,005833333;0;28/05/2023 7:46
0,005833333;0;28/05/2023 7:51
0,014333333;0;28/05/2023 7:56
0,013333333;0;28/05/2023 8:01
0,013333333;0;28/05/2023 8:06
0,0165;0;28/05/2023 8:11
0,0165;0;28/05/2023 8:16
0,0215;0,003;28/05/2023 8:21
0,006833333;0;28/05/2023 8:26
0,006833333;0;28/05/2023 8:31
0,011833333;0,002;28/05/2023 8:36
0,005083333;0,001;28/05/2023 8:41
0,005083333;0,002;28/05/2023 8:46
0,005083333;0;28/05/2023 8:51
0;0,072416667;28/05/2023 8:56
0,009;0,077416667;28/05/2023 9:01
0,005;0,097416667;28/05/2023 9:06
0;0,09025;28/05/2023 9:12
0,002;0,08425;28/05/2023 9:17
0,007;0,08925;28/05/2023 9:22
0,034;0,083833333;28/05/2023 9:27
0,019;0,082833333;28/05/2023 9:32
0,003;0,115833333;28/05/2023 9:37
0,11525;0,026;28/05/2023 9:42
0,09525;0,002;28/05/2023 9:47
0,09525;0,03;28/05/2023 9:52
0,09325;0,024;28/05/2023 9:57
0,08625;0,001;28/05/2023 10:02
0,09525;0,037;28/05/2023 10:07
0,0315;0,05;28/05/2023 10:12
0,0315;0,03;28/05/2023 10:17
0,0315;0,049;28/05/2023 10:22
0;0,15625;28/05/2023 10:28
0;0,16025;28/05/2023 10:33
0;0,16625;28/05/2023 10:38
0;0,162416667;28/05/2023 10:43
0;0,168416667;28/05/2023 10:48
0;0,159416667;28/05/2023 10:53
0;0,17425;28/05/2023 10:58
0;0,17725;28/05/2023 11:03
0;0,18125;28/05/2023 11:08
0;0,186416667;28/05/2023 11:13
0;0,193416667;28/05/2023 11:18
0;0,196416667;28/05/2023 11:23
0;0,1965;28/05/2023 11:28
0;0,1935;28/05/2023 11:33
0;0,2335;28/05/2023 11:38
0;0,258166667;28/05/2023 11:43
0;0,268166667;28/05/2023 11:48
0;0,282166667;28/05/2023 11:53
0;0,214416667;28/05/2023 11:58
0;0,219416667;28/05/2023 12:04
0;0,228416667;28/05/2023 12:09
0;0,219;28/05/2023 12:14
0;0,211;28/05/2023 12:19
0;0,182;28/05/2023 12:24
0;0,175;28/05/2023 12:29
0;0,198;28/05/2023 12:34
0;0,191;28/05/2023 12:39
0;0,206;28/05/2023 12:44
0;0,213;28/05/2023 12:49
0;0,213;28/05/2023 12:54
0;0,216;28/05/2023 12:59
0;0,214;28/05/2023 13:04
0;0,216;28/05/2023 13:09
0;0,207;28/05/2023 13:14
0;0,2;28/05/2023 13:19
0;0,185;28/05/2023 13:24
0;0,183;28/05/2023 13:30
0;0,197;28/05/2023 13:35
0;0,188;28/05/2023 13:40
0;0,196;28/05/2023 13:45
0;0,207;28/05/2023 13:50
0;0,209;28/05/2023 13:55
0;0,207;28/05/2023 14:00
0;0,205;28/05/2023 14:05
0;0,183;28/05/2023 14:10
0;0,202;28/05/2023 14:15
0;0,206;28/05/2023 14:20
0;0,206;28/05/2023 14:25
0;0,202;28/05/2023 14:30
0;0,204;28/05/2023 14:36
0;0,204;28/05/2023 14:41
0;0,201;28/05/2023 14:46
0;0,204;28/05/2023 14:51
0;0,188;28/05/2023 14:56
0;0,194;28/05/2023 15:01
0;0,193;28/05/2023 15:06
0;0,19;28/05/2023 15:11
0;0,181;28/05/2023 15:16
0;0,162;28/05/2023 15:21
0;0,157;28/05/2023 15:26
0;0,176;28/05/2023 15:31
0;0,163;28/05/2023 15:36
0;0,146;28/05/2023 15:42
0;0,128;28/05/2023 15:47
0;0,181;28/05/2023 15:52
0;0,196;28/05/2023 15:57
0;0,191;28/05/2023 16:02
0;0,182;28/05/2023 16:07
0;0,174;28/05/2023 16:12
0;0,162;28/05/2023 16:17
0;0,143;28/05/2023 16:22
0;0,162;28/05/2023 16:27
0;0,142;28/05/2023 16:32
0;0,124;28/05/2023 16:37
0;0,074;28/05/2023 16:42
0,013083333;0,04;28/05/2023 16:47
0,013083333;0,043;28/05/2023 16:52
0,013083333;0,043;28/05/2023 16:57
0;0,041;28/05/2023 17:02
0;0,038;28/05/2023 17:07
0;0,052;28/05/2023 17:13
0;0,054;28/05/2023 17:18
0;0,008;28/05/2023 17:23
0;0,001;28/05/2023 17:28
0,007333333;0,001;28/05/2023 17:33
0,009333333;0;28/05/2023 17:38
0,012333333;0,001;28/05/2023 17:43
0,060916667;0,001;28/05/2023 17:48
0,057916667;0;28/05/2023 17:53
0,062916667;0,003;28/05/2023 17:58
0,00375;0;28/05/2023 18:03
0,00375;0;28/05/2023 18:08
0,08175;0;28/05/2023 18:14
0,01;0,002;28/05/2023 18:19
0,001;0;28/05/2023 18:24
0,001;0;28/05/2023 18:29
0,013333333;0,003;28/05/2023 18:34
0,009333333;0;28/05/2023 18:39
0,007333333;0;28/05/2023 18:44
0;0,003;28/05/2023 18:49
0,002;0;28/05/2023 18:54
0;0;28/05/2023 18:59
0,00925;0;28/05/2023 19:04
0,00825;0;28/05/2023 19:09
0,00825;0;28/05/2023 19:14
0,010916667;0;28/05/2023 19:19
0,010916667;0;28/05/2023 19:25
0,011916667;0;28/05/2023 19:30
0,01125;0;28/05/2023 19:35
0,01125;0;28/05/2023 19:40
0,01825;0,003;28/05/2023 19:45
0,035833333;0;28/05/2023 19:50
0,039833333;0,003;28/05/2023 19:55
0,035833333;0;28/05/2023 20:00
0,006666667;0;28/05/2023 20:05
0,007666667;0;28/05/2023 20:10
0,006666667;0;28/05/2023 20:15
0,0195;0,002;28/05/2023 20:20
0,0135;0;28/05/2023 20:25
0,0135;0;28/05/2023 20:30
0,008;0;28/05/2023 20:35
0,008;0;28/05/2023 20:41
0,008;0;28/05/2023 20:46
0,010333333;0;28/05/2023 20:51
0,010333333;0;28/05/2023 20:56
0,010333333;0;28/05/2023 21:01
0,00325;0;28/05/2023 21:06
0,00425;0;28/05/2023 21:11
0,00325;0;28/05/2023 21:16
0,006916667;0;28/05/2023 21:21
0,006916667;0;28/05/2023 21:26
0,007916667;0;28/05/2023 21:31
0,008833333;0;28/05/2023 21:36
0,008833333;0;28/05/2023 21:41
0,009833333;0;28/05/2023 21:46
0,02625;0;28/05/2023 21:52
0,02725;0;28/05/2023 21:57
0,02625;0;28/05/2023 22:02
0,02275;0;28/05/2023 22:07
0,02275;0;28/05/2023 22:12
0,02275;0;28/05/2023 22:17
0,018083333;0;28/05/2023 22:22
0,019083333;0;28/05/2023 22:27
0,018083333;0;28/05/2023 22:32
0,017833333;0;28/05/2023 22:37
0,017833333;0;28/05/2023 22:42
0,018833333;0;28/05/2023 22:47
0,01575;0;28/05/2023 22:52
0,01675;0;28/05/2023 22:57
0,01575;0;28/05/2023 23:02
0,022;0;28/05/2023 23:07
0,022;0;28/05/2023 23:12
0,023;0;28/05/2023 23:17
0,02375;0;28/05/2023 23:22
0,02375;0;28/05/2023 23:27
0,02375;0;28/05/2023 23:33
0,018916667;0;28/05/2023 23:38
0,018916667;0;28/05/2023 23:43
0,019916667;0;28/05/2023 23:48
0,017583333;0;28/05/2023 23:53
0,017583333;0;28/05/2023 23:58
0,017583333;0;29/05/2023 0:03
0,017;0;29/05/2023 0:08
0,018;0,001;29/05/2023 0:13
0,017;0;29/05/2023 0:18
0,023333333;0;29/05/2023 0:23
0,022333333;0;29/05/2023 0:29
0,022333333;0;29/05/2023 0:34
0,024;0;29/05/2023 0:39
0,024;0;29/05/2023 0:44
0,024;0;29/05/2023 0:49
0,016333333;0;29/05/2023 0:54
0,015333333;0;29/05/2023 0:59
0,015333333;0;29/05/2023 1:04
0,014916667;0;29/05/2023 1:09
0,014916667;0;29/05/2023 1:14
0,015916667;0;29/05/2023 1:20
0,0165;0;29/05/2023 1:25
0,0175;0;29/05/2023 1:30
0,0165;0;29/05/2023 1:35
0,021833333;0;29/05/2023 1:40
0,021833333;0;29/05/2023 1:45
0,022833333;0;29/05/2023 1:50
0,021916667;0;29/05/2023 1:55
0,021916667;0;29/05/2023 2:00
0,021916667;0;29/05/2023 2:05
0,017083333;0;29/05/2023 2:10
0,017083333;0;29/05/2023 2:15
0,017083333;0;29/05/2023 2:21
0,015916667;0;29/05/2023 2:26
0,014916667;0;29/05/2023 2:31
0,014916667;0;29/05/2023 2:36
0,01675;0;29/05/2023 2:41
0,01775;0;29/05/2023 2:46
0,01675;0;29/05/2023 2:51
0,014916667;0;29/05/2023 2:56
0,014916667;0;29/05/2023 3:01
0,014916667;0;29/05/2023 3:06
0,015666667;0;29/05/2023 3:11
0,015666667;0;29/05/2023 3:16
0,015666667;0;29/05/2023 3:22
0,01625;0;29/05/2023 3:27
0,01625;0;29/05/2023 3:32
0,01625;0;29/05/2023 3:37
0,010583333;0;29/05/2023 3:42
0,010583333;0;29/05/2023 3:47
0,010583333;0;29/05/2023 3:52
0,010416667;0;29/05/2023 3:57
0,011416667;0;29/05/2023 4:02
0,010416667;0;29/05/2023 4:07
0,009416667;0;29/05/2023 4:12
0,009416667;0;29/05/2023 4:17
0,009416667;0;29/05/2023 4:22
0,0155;0;29/05/2023 4:27
0,0155;0;29/05/2023 4:32
0,0155;0;29/05/2023 4:37
0,013166667;0;29/05/2023 4:43
0,013166667;0;29/05/2023 4:48
0,013166667;0;29/05/2023 4:53
0,009;0;29/05/2023 4:58
0,009;0;29/05/2023 5:03
0,009;0;29/05/2023 5:08
0,008833333;0;29/05/2023 5:13
0,009833333;0;29/05/2023 5:18
0,008833333;0;29/05/2023 5:23
0,008916667;0;29/05/2023 5:28
0,008916667;0;29/05/2023 5:33
0,008916667;0;29/05/2023 5:38
0,02025;0;29/05/2023 5:43
0,02025;0;29/05/2023 5:49
0,02025;0;29/05/2023 5:54
0,015;0;29/05/2023 5:59
0,016;0;29/05/2023 6:04
0,015;0;29/05/2023 6:09
0,012333333;0;29/05/2023 6:14
0,012333333;0;29/05/2023 6:19
0,013333333;0;29/05/2023 6:24
0,008916667;0;29/05/2023 6:29
0,009916667;0;29/05/2023 6:34
0,008916667;0;29/05/2023 6:39
0,013416667;0;29/05/2023 6:44
0,013416667;0;29/05/2023 6:49
0,013416667;0;29/05/2023 6:54
0,01475;0;29/05/2023 6:59
0,01475;0;29/05/2023 7:04
0,01475;0;29/05/2023 7:10
0,010666667;0;29/05/2023 7:15
0,010666667;0;29/05/2023 7:20
0,011666667;0;29/05/2023 7:25
0;0;29/05/2023 7:30
0;0;29/05/2023 7:35
0;0,001;29/05/2023 7:40
0,003583333;0,001;29/05/2023 7:45
0,003583333;0,002;29/05/2023 7:50
0,003583333;0;29/05/2023 7:55
0;0;29/05/2023 8:00
0;0,003;29/05/2023 8:05
0;0,005;29/05/2023 8:10
0;0,004;29/05/2023 8:15
0;0,005;29/05/2023 8:20
0;0,007;29/05/2023 8:26
0,022;0,010583333;29/05/2023 8:31
0;0,011583333;29/05/2023 8:36
0,082;0,000583333;29/05/2023 8:41
0,1145;0;29/05/2023 8:46
0,1075;0,016;29/05/2023 8:51
0,1865;0;29/05/2023 8:56
0,370166667;0;29/05/2023 9:01
0,209166667;0,007;29/05/2023 9:06
0,124166667;0,011;29/05/2023 9:11
0,09025;0;29/05/2023 9:16
0,09725;0,015;29/05/2023 9:21
0,08325;0,007;29/05/2023 9:27
0,082916667;0,012;29/05/2023 9:32
0,082916667;0,02;29/05/2023 9:37
0,082916667;0,023;29/05/2023 9:42
0;0,110166667;29/05/2023 9:47
0;0,114166667;29/05/2023 9:52
0;0,122166667;29/05/2023 9:57
0;0,123166667;29/05/2023 10:02
0;0,108166667;29/05/2023 10:07
0;0,121166667;29/05/2023 10:12
0;0,133166667;29/05/2023 10:17
0;0,135166667;29/05/2023 10:22
0;0,138166667;29/05/2023 10:27
0;0,158166667;29/05/2023 10:32
0;0,159166667;29/05/2023 10:37
0;0,163166667;29/05/2023 10:43
0;0,17125;29/05/2023 10:48
0;0,17025;29/05/2023 10:53
0;0,16625;29/05/2023 10:58
0;0,175333333;29/05/2023 11:03
0;0,178333333;29/05/2023 11:08
0;0,170333333;29/05/2023 11:13
0;0,182166667;29/05/2023 11:18
0;0,179166667;29/05/2023 11:23
0;0,175166667;29/05/2023 11:28
0;0,19125;29/05/2023 11:33
0;0,18725;29/05/2023 11:39
0;0,18725;29/05/2023 11:44
0;0,18825;29/05/2023 11:49
0;0,18425;29/05/2023 11:54
0;0,18925;29/05/2023 11:59
0;0,19825;29/05/2023 12:04
0;0,21125;29/05/2023 12:09
0;0,20625;29/05/2023 12:14
0;0,19925;29/05/2023 12:20
0;0,21825;29/05/2023 12:25
0;0,25325;29/05/2023 12:30
0;0,284166667;29/05/2023 12:35
0;0,295166667;29/05/2023 12:40
0;0,301166667;29/05/2023 12:45
0;0,22625;29/05/2023 12:50
0;0,22325;29/05/2023 12:55
0;0,22825;29/05/2023 13:00
0;0,221;29/05/2023 13:05
0;0,22;29/05/2023 13:10
0;0,206;29/05/2023 13:16
0;0,195;29/05/2023 13:21
0;0,225;29/05/2023 13:26
0;0,221;29/05/2023 13:31
0;0,218;29/05/2023 13:36
0;0,216;29/05/2023 13:41
0;0,218;29/05/2023 13:46
0;0,22;29/05/2023 13:51
0;0,218;29/05/2023 13:56
0;0,204;29/05/2023 14:01
0;0,205;29/05/2023 14:06
0;0,201;29/05/2023 14:11
0;0,203;29/05/2023 14:17
0;0,198;29/05/2023 14:22
0;0,195;29/05/2023 14:27
0;0,201;29/05/2023 14:32
0;0,197;29/05/2023 14:37
0;0,198;29/05/2023 14:42
0;0,195;29/05/2023 14:47
0;0,197;29/05/2023 14:52
0;0,191;29/05/2023 14:58
0;0,194;29/05/2023 15:03
0;0,18;29/05/2023 15:08
0;0,189;29/05/2023 15:13
0;0,177;29/05/2023 15:18
0;0,175;29/05/2023 15:23
0;0,152;29/05/2023 15:28
0;0,144;29/05/2023 15:33
0;0,15;29/05/2023 15:38
0;0,161;29/05/2023 15:43
0;0,127;29/05/2023 15:48
0;0,138;29/05/2023 15:53
0;0,119;29/05/2023 15:58
0,004;0,11;29/05/2023 16:04
0;0;29/05/2023 16:09
0,001;0,035;29/05/2023 16:14
0;0,085;29/05/2023 16:19
0,003;0,114333333;29/05/2023 16:24
0,001;0,099333333;29/05/2023 16:29
0,01;0,096333333;29/05/2023 16:34
0,015;0,087333333;29/05/2023 16:39
0,008;0,090333333;29/05/2023 16:44
0,016;0,090333333;29/05/2023 16:49
0,006;0,0715;29/05/2023 16:54
0;0,0705;29/05/2023 16:59
0;0,1265;29/05/2023 17:04
0;0,12025;29/05/2023 17:10
0;0,11125;29/05/2023 17:15
0;0,10825;29/05/2023 17:20
0;0,045;29/05/2023 17:25
0;0,056;29/05/2023 17:30
0;0,057;29/05/2023 17:35
0;0,055;29/05/2023 17:40
0;0,049;29/05/2023 17:45
0,034;0,025;29/05/2023 17:50
0,089;0;29/05/2023 17:55
0,059;0,003;29/05/2023 18:01
0,053;0,009;29/05/2023 18:06
0,047;0,022916667;29/05/2023 18:11
0,038;0,027916667;29/05/2023 18:16
0,064;0,026916667;29/05/2023 18:21
0,084;0,020916667;29/05/2023 18:26
0;0,018916667;29/05/2023 18:31
0;0,015916667;29/05/2023 18:36
0;0,012583333;29/05/2023 18:41
0;0,013583333;29/05/2023 18:46
0;0,014583333;29/05/2023 18:51
0;0,005666667;29/05/2023 18:56
0;0,004666667;29/05/2023 19:01
0,005;0,008666667;29/05/2023 19:06
0,004666667;0;29/05/2023 19:11
0,003666667;0;29/05/2023 19:17
0,003666667;0;29/05/2023 19:22
0,010583333;0;29/05/2023 19:27
0,010583333;0;29/05/2023 19:32
0,011583333;0;29/05/2023 19:37
0,0125;0;29/05/2023 19:42
0,0135;0;29/05/2023 19:47
0,0125;0;29/05/2023 19:52
0,011916667;0;29/05/2023 19:57
0,011916667;0;29/05/2023 20:02
0,012916667;0;29/05/2023 20:07
0,008166667;0;29/05/2023 20:12
0,008166667;0;29/05/2023 20:17
0,009166667;0;29/05/2023 20:22
0,0125;0;29/05/2023 20:27
0,0135;0;29/05/2023 20:32
0,0725;0,002;29/05/2023 20:38
0,060333333;0,002;29/05/2023 20:43
0,023333333;0,003;29/05/2023 20:48
0,020333333;0;29/05/2023 20:53
0,0245;0;29/05/2023 20:58
0,0245;0;29/05/2023 21:03
0,0245;0;29/05/2023 21:08
0,015833333;0;29/05/2023 21:13
0,016833333;0;29/05/2023 21:18
0,015833333;0;29/05/2023 21:24
0,017166667;0;29/05/2023 21:29
0,017166667;0;29/05/2023 21:34
0,018166667;0;29/05/2023 21:39
0,01925;0;29/05/2023 21:44
0,01825;0;29/05/2023 21:49
0,01825;0;29/05/2023 21:54
0,02525;0;29/05/2023 21:59
0,02525;0;29/05/2023 22:04
0,02525;0;29/05/2023 22:10
0,016333333;0;29/05/2023 22:15
0,016333333;0;29/05/2023 22:20
0,017333333;0;29/05/2023 22:25
0,014;0;29/05/2023 22:30
0,014;0;29/05/2023 22:35
0,014;0;29/05/2023 22:40
0,014083333;0;29/05/2023 22:45
0,014083333;0;29/05/2023 22:50
0,015083333;0;29/05/2023 22:55
0,01775;0;29/05/2023 23:00
0,01675;0;29/05/2023 23:05
0,01675;0;29/05/2023 23:10
0,023333333;0;29/05/2023 23:15
0,023333333;0;29/05/2023 23:21
0,024333333;0;29/05/2023 23:26
0,022916667;0;29/05/2023 23:31
0,022916667;0;29/05/2023 23:36
0,022916667;0;29/05/2023 23:41
0,01775;0;29/05/2023 23:46
0,01775;0;29/05/2023 23:51
0,01875;0;29/05/2023 23:56
0,015833333;0;30/05/2023 0:01
0,015833333;0;30/05/2023 0:06
0,016833333;0;30/05/2023 0:11
0,015583333;0;30/05/2023 0:16
0,015583333;0;30/05/2023 0:22
0,015583333;0;30/05/2023 0:27
0,0235;0;30/05/2023 0:32
0,0225;0;30/05/2023 0:37
0,0225;0;30/05/2023 0:42
0,022166667;0;30/05/2023 0:47
0,023166667;0;30/05/2023 0:52
0,022166667;0;30/05/2023 0:57
0,01625;0;30/05/2023 1:02
0,01625;0;30/05/2023 1:07
0,01725;0;30/05/2023 1:12
0,017333333;0;30/05/2023 1:18
0,017333333;0;30/05/2023 1:23
0,018333333;0;30/05/2023 1:28
0,0175;0;30/05/2023 1:33
0,0175;0;30/05/2023 1:38
0,0175;0;30/05/2023 1:43
0,023333333;0;30/05/2023 1:48
0,024333333;0;30/05/2023 1:53
0,023333333;0,001;30/05/2023 1:59
0,023916667;0,004;30/05/2023 2:04
0,027916667;0,005;30/05/2023 2:09
0,021916667;0,004;30/05/2023 2:16
0,014333333;0;30/05/2023 2:21
0,013333333;0;30/05/2023 2:26
0,018333333;0;30/05/2023 2:31
0,005416667;0;30/05/2023 2:37
0,005416667;0;30/05/2023 2:42
0,006416667;0;30/05/2023 2:47
0;0;30/05/2023 2:52
0;0;30/05/2023 2:57
0;0;30/05/2023 3:02
0,025;0;30/05/2023 3:07
0,017;0,001;30/05/2023 3:12
0,016;0;30/05/2023 3:17
0,016;0;30/05/2023 3:22
0,016;0;30/05/2023 3:27
0,016;0;30/05/2023 3:32
0,010583333;0;30/05/2023 3:37
0,010583333;0;30/05/2023 3:42
0,010583333;0;30/05/2023 3:48
0,010416667;0;30/05/2023 3:53
0,011416667;0;30/05/2023 3:58
0,010416667;0;30/05/2023 4:03
0,009916667;0;30/05/2023 4:08
0,009916667;0;30/05/2023 4:13
0,009916667;0;30/05/2023 4:18
0,016416667;0;30/05/2023 4:23
0,016416667;0;30/05/2023 4:28
0,016416667;0;30/05/2023 4:33
0,016;0;30/05/2023 4:39
0,016;0;30/05/2023 4:44
0,016;0;30/05/2023 4:50
0,009666667;0;30/05/2023 4:55
0,009666667;0;30/05/2023 5:00
0,009666667;0;30/05/2023 5:05
0,00975;0;30/05/2023 5:10
0,00975;0;30/05/2023 5:15
0,00975;0;30/05/2023 5:20
0,010083333;0;30/05/2023 5:25
0,010083333;0;30/05/2023 5:31
0,010083333;0;30/05/2023 5:36
0,016416667;0;30/05/2023 5:41
0,016416667;0;30/05/2023 5:46
0,016416667;0;30/05/2023 5:51
0,021083333;0;30/05/2023 5:56
0,022083333;0;30/05/2023 6:01
0,021083333;0;30/05/2023 6:06
0,00875;0;30/05/2023 6:11
0,02075;0;30/05/2023 6:16
0,01575;0,004;30/05/2023 6:21
0,0165;0;30/05/2023 6:26
0,0175;0;30/05/2023 6:31
0,0225;0,002;30/05/2023 6:36
0,01;0;30/05/2023 6:41
0,01;0;30/05/2023 6:46
0,01;0;30/05/2023 6:52
0,015;0;30/05/2023 6:57
0,015;0;30/05/2023 7:02
0,018;0;30/05/2023 7:07
0,019416667;0,002;30/05/2023 7:12
0,017416667;0;30/05/2023 7:17
0,017416667;0;30/05/2023 7:22
0,010416667;0;30/05/2023 7:27
0,009416667;0;30/05/2023 7:32
0,010416667;0;30/05/2023 7:37
0,043833333;0;30/05/2023 7:42
0,006833333;0,003;30/05/2023 7:47
0,023833333;0;30/05/2023 7:52
0,131416667;0;30/05/2023 7:57
0,098416667;0,002;30/05/2023 8:02
0,018416667;0;30/05/2023 8:07
0,08375;0;30/05/2023 8:13
0,08675;0,003;30/05/2023 8:18
0,07475;0,004;30/05/2023 8:23
0,131166667;0,001;30/05/2023 8:28
0,162166667;0;30/05/2023 8:33
0,118166667;0,01;30/05/2023 8:38
0,083166667;0,006;30/05/2023 8:43
0,083166667;0,009;30/05/2023 8:48
0,083166667;0,014;30/05/2023 8:53
0,083083333;0,013;30/05/2023 8:58
0,083083333;0,018;30/05/2023 9:03
0,083083333;0,025;30/05/2023 9:08
0;0,105166667;30/05/2023 9:13
0;0,110166667;30/05/2023 9:18
0;0,114166667;30/05/2023 9:24
0;0,122333333;30/05/2023 9:29
0;0,117333333;30/05/2023 9:34
0;0,123333333;30/05/2023 9:39
0;0,13225;30/05/2023 9:44
0;0,13825;30/05/2023 9:49
0;0,14025;30/05/2023 9:54
0;0,142166667;30/05/2023 9:59
0;0,144166667;30/05/2023 10:04
0;0,147166667;30/05/2023 10:09
0;0,147333333;30/05/2023 10:14
0;0,144333333;30/05/2023 10:20
0;0,153333333;30/05/2023 10:25
0;0,15625;30/05/2023 10:30
0;0,16025;30/05/2023 10:35
0;0,16725;30/05/2023 10:40
0;0,17825;30/05/2023 10:45
0;0,18225;30/05/2023 10:50
0;0,18825;30/05/2023 10:55
0;0,191333333;30/05/2023 11:00
0;0,194333333;30/05/2023 11:05
0;0,195333333;30/05/2023 11:10
0;0,19425;30/05/2023 11:15
0;0,20025;30/05/2023 11:20
0;0,19325;30/05/2023 11:25
0;0,195166667;30/05/2023 11:31
0;0,199166667;30/05/2023 11:36
0;0,200166667;30/05/2023 11:41
0;0,20325;30/05/2023 11:46
0;0,20325;30/05/2023 11:51
0;0,20825;30/05/2023 11:56
0;0,24725;30/05/2023 12:01
0;0,28125;30/05/2023 12:06
0;0,29125;30/05/2023 12:11
0;0,29625;30/05/2023 12:16
0;0,29625;30/05/2023 12:21
0;0,29825;30/05/2023 12:26
0;0,27075;30/05/2023 12:32
0;0,26175;30/05/2023 12:37
0;0,25275;30/05/2023 12:42
0;0,198;30/05/2023 12:47
0;0,196;30/05/2023 12:52
0;0,211;30/05/2023 12:57
0;0,215;30/05/2023 13:02
0;0,202;30/05/2023 13:07
0;0,206;30/05/2023 13:12
0;0,21;30/05/2023 13:17
0;0,199;30/05/2023 13:22
0;0,182;30/05/2023 13:27
0;0,22;30/05/2023 13:32
0;0,232;30/05/2023 13:37
0;0,233;30/05/2023 13:42
0;0,228;30/05/2023 13:47
0;0,229;30/05/2023 13:53
0;0,22;30/05/2023 13:58
0;0,219;30/05/2023 14:03
0;0,227;30/05/2023 14:08
0;0,225;30/05/2023 14:13
0;0,221;30/05/2023 14:18
0;0,225;30/05/2023 14:23
0;0,224;30/05/2023 14:28
0;0,224;30/05/2023 14:33
0;0,206;30/05/2023 14:39
0;0,19;30/05/2023 14:44
0;0,216;30/05/2023 14:49
0;0,202;30/05/2023 14:54
0;0,181;30/05/2023 14:59
0;0,198;30/05/2023 15:04
0;0,165;30/05/2023 15:09
0;0,188;30/05/2023 15:14
0;0,199;30/05/2023 15:19
0;0,185;30/05/2023 15:24
0;0,192;30/05/2023 15:29
0;0,19;30/05/2023 15:35
0;0,188;30/05/2023 15:40
0;0,188;30/05/2023 15:45
0;0,16;30/05/2023 15:50
0;0,172;30/05/2023 15:55
0;0,193;30/05/2023 16:00
0;0,185;30/05/2023 16:05
0;0,175;30/05/2023 16:10
0;0,171;30/05/2023 16:15
0;0,163;30/05/2023 16:20
0;0,11;30/05/2023 16:25
0;0,084;30/05/2023 16:31
0;0,082;30/05/2023 16:36
0;0,105;30/05/2023 16:41
0;0,066;30/05/2023 16:46
0;0,075;30/05/2023 16:51
0;0,079;30/05/2023 16:56
0;0,081;30/05/2023 17:01
0;0,081;30/05/2023 17:06
0;0,06;30/05/2023 17:11
0;0,065;30/05/2023 17:16
0;0,03;30/05/2023 17:21
0;0,025583333;30/05/2023 17:26
0,001;0,029583333;30/05/2023 17:32
0;0,048583333;30/05/2023 17:37
0;0,039;30/05/2023 17:42
0;0,032;30/05/2023 17:47
0,012;0,024;30/05/2023 17:52
0,111333333;0,007;30/05/2023 17:57
0,163333333;0,003;30/05/2023 18:02
0,166333333;0,005;30/05/2023 18:07
0,086916667;0,007;30/05/2023 18:12
0,033916667;0,006;30/05/2023 18:17
0,010916667;0;30/05/2023 18:23
0,009666667;0;30/05/2023 18:28
0,010666667;0;30/05/2023 18:33
0,009666667;0;30/05/2023 18:38
0,049916667;0,005;30/05/2023 18:43
0,040916667;0,007;30/05/2023 18:48
0,030916667;0;30/05/2023 18:53
0,008333333;0,005;30/05/2023 18:58
0,007333333;0;30/05/2023 19:03
0,008333333;0;30/05/2023 19:08
0,009416667;0;30/05/2023 19:13
0,009416667;0;30/05/2023 19:18
0,009416667;0;30/05/2023 19:23
0,009833333;0;30/05/2023 19:29
0,010833333;0;30/05/2023 19:34
0,009833333;0;30/05/2023 19:39
0,009;0;30/05/2023 19:44
0,012;0;30/05/2023 19:49
0,016;0,004;30/05/2023 19:54
0,006416667;0;30/05/2023 19:59
0,006416667;0;30/05/2023 20:04
0,007416667;0;30/05/2023 20:09
0,030666667;0;30/05/2023 20:14
0,035666667;0,002;30/05/2023 20:19
0,030666667;0;30/05/2023 20:24
0,02175;0,001;30/05/2023 20:29
0,02175;0,002;30/05/2023 20:35
0,01675;0;30/05/2023 20:40
0,016083333;0,002;30/05/2023 20:45
0,012083333;0;30/05/2023 20:50
0,015083333;0,002;30/05/2023 20:55
0,014416667;0;30/05/2023 21:00
0,014416667;0;30/05/2023 21:05
0,014416667;0;30/05/2023 21:10
0,020166667;0;30/05/2023 21:15
0,019166667;0;30/05/2023 21:20
0,019166667;0;30/05/2023 21:25
0,019333333;0;30/05/2023 21:30
0,019333333;0;30/05/2023 21:35
0,021333333;0;30/05/2023 21:41
0,027833333;0;30/05/2023 21:46
0,027833333;0;30/05/2023 21:51
0,027833333;0;30/05/2023 21:56
0,022583333;0;30/05/2023 22:01
0,022583333;0;30/05/2023 22:06
0,023583333;0;30/05/2023 22:11
0,017166667;0;30/05/2023 22:17
0,017166667;0;30/05/2023 22:22
0,017166667;0;30/05/2023 22:27
0,0165;0;30/05/2023 22:32
0,0155;0;30/05/2023 22:37
0,0155;0;30/05/2023 22:42
0,018083333;0;30/05/2023 22:47
0,018083333;0;30/05/2023 22:52
0,019083333;0;30/05/2023 22:57
0,024333333;0;30/05/2023 23:02
0,023333333;0;30/05/2023 23:07
0,023333333;0;30/05/2023 23:12
0,015833333;0;30/05/2023 23:17
0,015833333;0;30/05/2023 23:23
0,015833333;0;30/05/2023 23:28
0,01575;0;30/05/2023 23:33
0,01575;0;30/05/2023 23:38
0,01575;0;30/05/2023 23:43
0,007333333;0;30/05/2023 23:48
0,007333333;0;30/05/2023 23:53
0,008333333;0;30/05/2023 23:58